Step, Memory, Heap, Allocated, Reclaimed, Live, Mutator, Collector
0, 33554432, 2793012, 2793012, 0, 0, 92591, 5900
1, 33554432, 2797736, 2797736, 0, 0, 8530, 5900
2, 33554432, 2802360, 2802360, 0, 0, 8530, 5900
3, 33554432, 2806984, 2806984, 0, 0, 8530, 5900
4, 33554432, 2811608, 2811608, 0, 0, 8530, 5900
5, 33554432, 2816232, 2816232, 0, 0, 8530, 5900
6, 33554432, 2820856, 2820856, 0, 0, 8530, 5900
7, 33554432, 2825480, 2825480, 0, 0, 8530, 5900
8, 33554432, 2830104, 2830104, 0, 0, 8530, 5900
9, 33554432, 2834728, 2834728, 0, 0, 8530, 5900
10, 33554432, 2839352, 2839352, 0, 0, 8530, 5900
11, 33554432, 2843976, 2843976, 0, 0, 8530, 5900
12, 33554432, 2848600, 2848600, 0, 0, 8530, 5900
13, 33554432, 2853224, 2853224, 0, 0, 8550, 5900
14, 33554432, 2857848, 2857848, 0, 0, 8550, 5900
15, 33554432, 2862472, 2862472, 0, 0, 8550, 5900
16, 33554432, 2867096, 2867096, 0, 0, 8550, 5900
17, 33554432, 2871720, 2871720, 0, 0, 8550, 5900
18, 33554432, 2876344, 2876344, 0, 0, 8550, 5900
19, 33554432, 2880968, 2880968, 0, 0, 8550, 5900
20, 33554432, 2885592, 2885592, 0, 0, 8550, 5900
21, 33554432, 2890216, 2890216, 0, 0, 8550, 5900
22, 33554432, 2894840, 2894840, 0, 0, 8550, 5900
23, 33554432, 2899464, 2899464, 0, 0, 8550, 5900
24, 33554432, 2904088, 2904088, 0, 0, 8550, 5900
25, 33554432, 2908712, 2908712, 0, 0, 8550, 5900
26, 33554432, 2913336, 2913336, 0, 0, 8550, 5900
27, 33554432, 2917960, 2917960, 0, 0, 8550, 5900
28, 33554432, 2922584, 2922584, 0, 0, 8550, 5900
29, 33554432, 2927208, 2927208, 0, 0, 8550, 5900
30, 33554432, 2931832, 2931832, 0, 0, 8550, 5900
31, 33554432, 2936456, 2936456, 0, 0, 8550, 5900
32, 33554432, 2941080, 2941080, 0, 0, 8550, 5900
33, 33554432, 2945704, 2945704, 0, 0, 8550, 5900
34, 33554432, 2950328, 2950328, 0, 0, 8550, 5900
35, 33554432, 2954952, 2954952, 0, 0, 8550, 5900
36, 33554432, 2959576, 2959576, 0, 0, 8550, 5900
37, 33554432, 2964200, 2964200, 0, 0, 8550, 5900
38, 33554432, 2968824, 2968824, 0, 0, 8550, 5900
39, 33554432, 2973448, 2973448, 0, 0, 8550, 5900
40, 33554432, 2978072, 2978072, 0, 0, 8550, 5900
41, 33554432, 2982696, 2982696, 0, 0, 8550, 5900
42, 33554432, 2987320, 2987320, 0, 0, 8550, 5900
43, 33554432, 2991944, 2991944, 0, 0, 8550, 5900
44, 33554432, 2996568, 2996568, 0, 0, 8550, 5900
45, 33554432, 3001192, 3001192, 0, 0, 8550, 5900
46, 33554432, 3005816, 3005816, 0, 0, 8550, 5900
47, 33554432, 3010440, 3010440, 0, 0, 8550, 5900
48, 33554432, 3015064, 3015064, 0, 0, 8550, 5900
49, 33554432, 3019688, 3019688, 0, 0, 8550, 5900
50, 33554432, 3024312, 3024312, 0, 0, 8550, 5900
51, 33554432, 3028936, 3028936, 0, 0, 8550, 5900
52, 33554432, 3033560, 3033560, 0, 0, 8550, 5900
53, 33554432, 3038184, 3038184, 0, 0, 8550, 5900
54, 33554432, 3042808, 3042808, 0, 0, 8550, 5900
55, 33554432, 3047432, 3047432, 0, 0, 8550, 5900
56, 33554432, 3052056, 3052056, 0, 0, 8550, 5900
57, 33554432, 3056680, 3056680, 0, 0, 8550, 5900
58, 33554432, 3061304, 3061304, 0, 0, 8550, 5900
59, 33554432, 3065928, 3065928, 0, 0, 8550, 5900
60, 33554432, 3070552, 3070552, 0, 0, 8550, 5900
61, 33554432, 3075176, 3075176, 0, 0, 8550, 5900
62, 33554432, 3079800, 3079800, 0, 0, 8550, 5900
63, 33554432, 3084424, 3084424, 0, 0, 8550, 5900
64, 33554432, 3089048, 3089048, 0, 0, 8550, 5900
65, 33554432, 3093672, 3093672, 0, 0, 8550, 5900
66, 33554432, 3098296, 3098296, 0, 0, 8550, 5900
67, 33554432, 3102920, 3102920, 0, 0, 8550, 5900
68, 33554432, 3107544, 3107544, 0, 0, 8550, 5900
69, 33554432, 3112168, 3112168, 0, 0, 8550, 5900
70, 33554432, 3116792, 3116792, 0, 0, 8550, 5900
71, 33554432, 3121416, 3121416, 0, 0, 8550, 5900
72, 33554432, 3126040, 3126040, 0, 0, 8550, 5900
73, 33554432, 3130664, 3130664, 0, 0, 8550, 5900
74, 33554432, 3135288, 3135288, 0, 0, 8550, 5900
75, 33554432, 3139912, 3139912, 0, 0, 8550, 5900
76, 33554432, 3144536, 3144536, 0, 0, 8550, 5900
77, 33554432, 3149160, 3149160, 0, 0, 8550, 5900
78, 33554432, 3153784, 3153784, 0, 0, 8550, 5900
79, 33554432, 3158408, 3158408, 0, 0, 8550, 5900
80, 33554432, 3163032, 3163032, 0, 0, 8550, 5900
81, 33554432, 3167656, 3167656, 0, 0, 8550, 5900
82, 33554432, 3172280, 3172280, 0, 0, 8550, 5900
83, 33554432, 3176904, 3176904, 0, 0, 8550, 5900
84, 33554432, 3181528, 3181528, 0, 0, 8550, 5900
85, 33554432, 3186152, 3186152, 0, 0, 8550, 5900
86, 33554432, 3190776, 3190776, 0, 0, 8550, 5900
87, 33554432, 3195400, 3195400, 0, 0, 8550, 5900
88, 33554432, 3200024, 3200024, 0, 0, 8550, 5900
89, 33554432, 3204648, 3204648, 0, 0, 8550, 5900
90, 33554432, 3209272, 3209272, 0, 0, 8550, 5900
91, 33554432, 3213896, 3213896, 0, 0, 8550, 5900
92, 33554432, 3218520, 3218520, 0, 0, 8550, 5900
93, 33554432, 3223144, 3223144, 0, 0, 8550, 5900
94, 33554432, 3227768, 3227768, 0, 0, 8550, 5900
95, 33554432, 3232392, 3232392, 0, 0, 8550, 5900
96, 33554432, 3237016, 3237016, 0, 0, 8550, 5900
97, 33554432, 3241640, 3241640, 0, 0, 8550, 5900
98, 33554432, 3246264, 3246264, 0, 0, 8550, 5900
99, 33554432, 3250888, 3250888, 0, 0, 8550, 5900
100, 33554432, 3255512, 3255512, 0, 0, 8550, 5900
101, 33554432, 3260136, 3260136, 0, 0, 8550, 5900
102, 33554432, 3264760, 3264760, 0, 0, 8550, 5900
103, 33554432, 3269384, 3269384, 0, 0, 8550, 5900
104, 33554432, 3274008, 3274008, 0, 0, 8550, 5900
105, 33554432, 3278632, 3278632, 0, 0, 8550, 5900
106, 33554432, 3283256, 3283256, 0, 0, 8550, 5900
107, 33554432, 3287880, 3287880, 0, 0, 8550, 5900
108, 33554432, 3292504, 3292504, 0, 0, 8550, 5900
109, 33554432, 3297128, 3297128, 0, 0, 8550, 5900
110, 33554432, 3301752, 3301752, 0, 0, 8550, 5900
111, 33554432, 3306376, 3306376, 0, 0, 8550, 5900
112, 33554432, 3311000, 3311000, 0, 0, 8550, 5900
113, 33554432, 3315624, 3315624, 0, 0, 8550, 5900
114, 33554432, 3320248, 3320248, 0, 0, 8550, 5900
115, 33554432, 3324872, 3324872, 0, 0, 8550, 5900
116, 33554432, 3329496, 3329496, 0, 0, 8550, 5900
117, 33554432, 3334120, 3334120, 0, 0, 8550, 5900
118, 33554432, 3338744, 3338744, 0, 0, 8550, 5900
119, 33554432, 3343368, 3343368, 0, 0, 8550, 5900
120, 33554432, 3347992, 3347992, 0, 0, 8550, 5900
121, 33554432, 3352616, 3352616, 0, 0, 8550, 5900
122, 33554432, 3357240, 3357240, 0, 0, 8550, 5900
123, 33554432, 3361864, 3361864, 0, 0, 8550, 5900
124, 33554432, 3366488, 3366488, 0, 0, 8550, 5900
125, 33554432, 3371112, 3371112, 0, 0, 8550, 5900
126, 33554432, 3375736, 3375736, 0, 0, 8550, 5900
127, 33554432, 3380360, 3380360, 0, 0, 8550, 5900
128, 33554432, 3384984, 3384984, 0, 0, 8550, 5900
129, 33554432, 3389608, 3389608, 0, 0, 8550, 5900
130, 33554432, 3394232, 3394232, 0, 0, 8550, 5900
131, 33554432, 3398856, 3398856, 0, 0, 8550, 5900
132, 33554432, 3403480, 3403480, 0, 0, 8550, 5900
133, 33554432, 3408104, 3408104, 0, 0, 8550, 5900
134, 33554432, 3412728, 3412728, 0, 0, 8550, 5900
135, 33554432, 3417352, 3417352, 0, 0, 8550, 5900
136, 33554432, 3421976, 3421976, 0, 0, 8550, 5900
137, 33554432, 3426600, 3426600, 0, 0, 8550, 5900
138, 33554432, 3431224, 3431224, 0, 0, 8550, 5900
139, 33554432, 3435848, 3435848, 0, 0, 8550, 5900
140, 33554432, 3440472, 3440472, 0, 0, 8550, 5900
141, 33554432, 3445096, 3445096, 0, 0, 8550, 5900
142, 33554432, 3449720, 3449720, 0, 0, 8550, 5900
143, 33554432, 3454344, 3454344, 0, 0, 8550, 5900
144, 33554432, 3458968, 3458968, 0, 0, 8550, 5900
145, 33554432, 3463592, 3463592, 0, 0, 8550, 5900
146, 33554432, 3468216, 3468216, 0, 0, 8550, 5900
147, 33554432, 3472840, 3472840, 0, 0, 8550, 5900
148, 33554432, 3477464, 3477464, 0, 0, 8550, 5900
149, 33554432, 3482088, 3482088, 0, 0, 8550, 5900
150, 33554432, 3486712, 3486712, 0, 0, 8550, 5900
151, 33554432, 3491336, 3491336, 0, 0, 8550, 5900
152, 33554432, 3495960, 3495960, 0, 0, 8550, 5900
153, 33554432, 3500584, 3500584, 0, 0, 8550, 5900
154, 33554432, 3505208, 3505208, 0, 0, 8550, 5900
155, 33554432, 3509832, 3509832, 0, 0, 8550, 5900
156, 33554432, 3514456, 3514456, 0, 0, 8550, 5900
157, 33554432, 3519080, 3519080, 0, 0, 8550, 5900
158, 33554432, 3523704, 3523704, 0, 0, 8550, 5900
159, 33554432, 3528328, 3528328, 0, 0, 8550, 5900
160, 33554432, 3532952, 3532952, 0, 0, 8550, 5900
161, 33554432, 3537576, 3537576, 0, 0, 8550, 5900
162, 33554432, 3542200, 3542200, 0, 0, 8550, 5900
163, 33554432, 3546824, 3546824, 0, 0, 8550, 5900
164, 33554432, 3551448, 3551448, 0, 0, 8550, 5900
165, 33554432, 3556072, 3556072, 0, 0, 8550, 5900
166, 33554432, 3560696, 3560696, 0, 0, 8550, 5900
167, 33554432, 3565320, 3565320, 0, 0, 8550, 5900
168, 33554432, 3569944, 3569944, 0, 0, 8550, 5900
169, 33554432, 3574568, 3574568, 0, 0, 8550, 5900
170, 33554432, 3579192, 3579192, 0, 0, 8550, 5900
171, 33554432, 3583816, 3583816, 0, 0, 8550, 5900
172, 33554432, 3588440, 3588440, 0, 0, 8550, 5900
173, 33554432, 3593064, 3593064, 0, 0, 8550, 5900
174, 33554432, 3597688, 3597688, 0, 0, 8550, 5900
175, 33554432, 3602312, 3602312, 0, 0, 8550, 5900
176, 33554432, 3606936, 3606936, 0, 0, 8550, 5900
177, 33554432, 3611560, 3611560, 0, 0, 8550, 5900
178, 33554432, 3616184, 3616184, 0, 0, 8550, 5900
179, 33554432, 3620808, 3620808, 0, 0, 8550, 5900
180, 33554432, 3625432, 3625432, 0, 0, 8550, 5900
181, 33554432, 3630056, 3630056, 0, 0, 8550, 5900
182, 33554432, 3634680, 3634680, 0, 0, 8550, 5900
183, 33554432, 3639304, 3639304, 0, 0, 8550, 5900
184, 33554432, 3643928, 3643928, 0, 0, 8550, 5900
185, 33554432, 3648552, 3648552, 0, 0, 8550, 5900
186, 33554432, 3653176, 3653176, 0, 0, 8550, 5900
187, 33554432, 3657800, 3657800, 0, 0, 8550, 5900
188, 33554432, 3662424, 3662424, 0, 0, 8550, 5900
189, 33554432, 3667048, 3667048, 0, 0, 8550, 5900
190, 33554432, 3671672, 3671672, 0, 0, 8550, 5900
191, 33554432, 3676296, 3676296, 0, 0, 8550, 5900
192, 33554432, 3680920, 3680920, 0, 0, 8550, 5900
193, 33554432, 3685544, 3685544, 0, 0, 8550, 5900
194, 33554432, 3690168, 3690168, 0, 0, 8550, 5900
195, 33554432, 3694792, 3694792, 0, 0, 8550, 5900
196, 33554432, 3699416, 3699416, 0, 0, 8550, 5900
197, 33554432, 3704040, 3704040, 0, 0, 8550, 5900
198, 33554432, 3708664, 3708664, 0, 0, 8550, 5900
199, 33554432, 3713288, 3713288, 0, 0, 8550, 5900
200, 33554432, 3717912, 3717912, 0, 0, 8550, 5900

